Date,Customer Name,Work order No,Reference Number,ERP Number,Item code,Tyre Size,Brand,COLOUR,FIT,RIM,Constrution,Average Finish Tyre Weight - kgs,Per Tyre Volume / cbm,Qty New- pcs,Total Volume - cbm,Total Tonage - kgs
,ISRL-KST,176,ISRL-KST-ORDER 29,680,102161,5.00-8 (WIDE),ACHIEVER PLUS,BLACK,STD,3,3 LAYER,17.4,0.0263,10,0.26,174
,ISRL-KST,176,ISRL-KST-ORDER 29,680,103161,16X6-8  (WIDE),ACHIEVER PLUS,BLACK,STD,4.33,3 LAYER,16.3,0.0257,5,0.13,81.5
,ISRL-KST,176,ISRL-KST-ORDER 29,680,111011,6.00-9,ACHIEVER PLUS,BLACK,STD,4,3 LAYER,26,0.0377,40,1.51,"1,040.00"
,ISRL-KST,176,ISRL-KST-ORDER 29,680,111161,6.00-9 (WIDE),ACHIEVER PLUS,BLACK,STD,4,3 LAYER,26.4,0.0383,11,0.42,290.4
,ISRL-KST,176,ISRL-KST-ORDER 29,680,119161,6.50-10 (WIDE),ACHIEVER PLUS,BLACK,STD,5,3 LAYER,35.2,0.0508,35,1.78,"1,232.00"
,ISRL-KST,176,ISRL-KST-ORDER 29,680,125011,7.00-12,ACHIEVER PLUS,BLACK,STD,5,3 LAYER,45.7,0.0691,50,3.46,"2,285.00"
,ISRL-KST,176,ISRL-KST-ORDER 29,680,133011,2.50-15,ACHIEVER PLUS,BLACK,STD,7,3 LAYER,64.6,0.1049,2,0.21,129.2
,ISRL-KST,176,ISRL-KST-ORDER 29,680,155011,12.00-20,ACHIEVER PLUS,BLACK,STD,8,3 LAYER,203.9,0.3074,2,0.61,407.8
,ISRL-KST,176,ISRL-KST-ORDER 29,680,139161,3.00-15 (WIDE),ACHIEVER PLUS,BLACK,STD,8,3 LAYER,108.7,0.1701,4,0.68,434.8
,ISRL-KST,176,ISRL-KST-ORDER 29,680,142011,7.00-15,ACHIEVER PLUS,BLACK,STD,6,3 LAYER,58.7,0.0943,7,0.66,410.9
,ISRL-KST,176,ISRL-KST-ORDER 29,680,135011,8.15-15,ACHIEVER PLUS,BLACK,STD,7,3 LAYER,59.3,0.1024,2,0.2,118.6
,ISRL-KST,176,ISRL-KST-ORDER 29,680,138011,8.25-15 ,ACHIEVER PLUS,BLACK,STD,6.5,3 LAYER,80.4,0.1232,3,0.37,241.2
,ISRL-KST,176,ISRL-KST-ORDER 29,680,138161,8.25-15 (WIDE),ACHIEVER PLUS,BLACK,STD,6.5,3 LAYER,90.6,0.1358,20,2.72,"1,812.00"
,ISRL-KST,176,ISRL-KST-ORDER 29,680,101162,15X4 1/2-8 (WIDE),ACHIEVER PLUS,BLACK,CLIP,3,3 LAYER,9.9,0.0161,20,0.32,198
,ISRL-KST,176,ISRL-KST-ORDER 29,680,102162,5.00-8  (WIDE),ACHIEVER PLUS,BLACK,CLIP,3,3 LAYER,17.6,0.0263,4,0.11,70.4
,ISRL-KST,176,ISRL-KST-ORDER 29,680,111162,6.00-9 (WIDE),ACHIEVER PLUS,BLACK,CLIP,4,3 LAYER,26.8,0.0383,20,0.77,536
,ISRL-KST,176,ISRL-KST-ORDER 29,680,119162,6.50-10 (WIDE),ACHIEVER PLUS,BLACK,CLIP,5,3 LAYER,35.4,0.0508,20,1.02,708
,ISRL-KST,176,ISRL-KST-ORDER 29,680,125012,7.00-12,ACHIEVER PLUS,BLACK,CLIP,5,3 LAYER,46.1,0.0691,12,0.83,553.2
,ISRL-KST,176,ISRL-KST-ORDER 29,680,127012,27X10-12,ACHIEVER PLUS,BLACK,CLIP,8,3 LAYER,73.4,0.1066,4,0.43,293.6
,ISRL-KST,176,ISRL-KST-ORDER 29,680,135012,8.15-15,ACHIEVER PLUS,BLACK,CLIP,7,3 LAYER,60.3,0.1024,25,2.56,"1,507.50"
,ISRL-KST,176,ISRL-KST-ORDER 29,680,134012,2.50-15,ACHIEVER PLUS,BLACK,CLIP,7.5,3 LAYER,67.5,0.1103,3,0.33,202.5
,ISRL-KST,176,ISRL-KST-ORDER 29,680,139162,300-15 (WIDE),ACHIEVER PLUS,BLACK,CLIP,8,3 LAYER,109.2,0.1701,5,0.85,546
,ISRL-KST,176,ISRL-KST-ORDER 29,680,136012,(28x12-1/2-15) 355/45-15 ,ACHIEVER PLUS,BLACK,CLIP,9.75,3 LAYER,84.2,0.1354,2,0.27,168.4
,ISRL-KST,176,ISRL-KST-ORDER 29,680,142012,7.00-15,ACHIEVER PLUS,BLACK,CLIP,6,3 LAYER,59,0.0943,3,0.28,177
,ISRL-KST,176,ISRL-KST-ORDER 29,680,120162,23X9-10(WIDE),ACHIEVER PLUS,BLACK,CLIP,6.5,3 LAYER,46.8,0.068,7,0.48,327.6
,ISRL-KST,176,ISRL-KST-ORDER 29,680,138012,8.25-15,ACHIEVER PLUS,BLACK,CLIP,6.5,3 LAYER,81.3,0.1232,65,8.01,"5,284.50"
,ISRL-KST,176,ISRL-KST-ORDER 29,680,110014,140/55-9,ACHIEVER PLUS,NM,CLIP,4,3 LAYER,9.85,0.0179,7,0.13,68.95
,ISRL-KST,176,ISRL-KST-ORDER 29,680,104014,18X7-8,ACHIEVER PLUS,NM,CLIP,4.33,3 LAYER,20.4,0.0303,3,0.09,61.2
,ISRL-KST,176,ISRL-KST-ORDER 29,680,120164,23X9-10 (WIDE),ACHIEVER PLUS,NM,CLIP,6.5,3 LAYER,45.3,0.068,4,0.27,181.2
,ISRL-KST,176,ISRL-KST-ORDER 29,680,110042,140/55-9,RUNNERSOLID,BLACK,CLIP,4,3 LAYER,10.3,0.0186,20,0.37,206
,ISRL-KST,176,ISRL-KST-ORDER 29,680,101042,15X4 1/2-8,RUNNERSOLID,BLACK,CLIP,3,3 LAYER,10.3,0.0171,22,0.38,226.6
,ISRL-KST,176,ISRL-KST-ORDER 29,680,119042,6.50-10,RUNNERSOLID,BLACK,CLIP,5,3 LAYER,35.3,0.0523,4,0.21,141.2
,ISRL-KST,176,ISRL-KST-ORDER 29,680,120042,23X9-10,RUNNERSOLID,BLACK,CLIP,6.5,3 LAYER,44.7,0.0657,2,0.13,89.4
,ISRL-KST,176,ISRL-KST-ORDER 29,680,138052,8.25-15,ROCKSOLID,BLACK,CLIP,6.5,3 LAYER,89.2,0.1385,6,0.83,535.2
,ISRL-KST,176,ISRL-KST-ORDER 29,680,722072,22X8X16,RUNNERBAND,BLACK,TRACTION,-,2 LAYER,42,0.0652,5,0.33,210
