date,Customer,wono,ref,erp,icode,t_size,brand,col,fit,rim,cons,fweight,ptv,new,cbm,kgs
28.07.2023,"SAUDI-AMF	",153,"SAUDI AMF- CONTAINER 01		",657,101161,15x4-1/2x8 (WIDE),ACHIEVER PLUS,BLACK,STD,3,3 LAYER ,9.8,0.0161,500,8.05,"4,900.00"
28.07.2023,"SAUDI-AMF	",153,"SAUDI AMF- CONTAINER 01		",657,159421,4.00-8 (RIB),TRAILERSOLID,BLACK,STD,3.75,3 LAYER,12.3,0.0172,1000,17.2,"12,300.00"
,,,,,,,,,,,,,,,,
,,,,,,,,,,,,,,,,
,,,,,,,,,,,,,,,,
,,,,,,,,,,,,,,,,
,,,,,,,,,,,,,,,,
,,,,,,,,,,,,,,,,
,,,,,,,,,,,,,,,,
,,,,,,,,,,,,,,,,
,,,,,,,,,,,,,,,,
,,,,,,,,,,,,,,,,
