date,Customer,wono,ref,erp,icode,t_size,brand,fit,col,rim,cons,fweight,ptv,new,cbm,kgs
11.08.2023,Belarus - JSC,170-R1,BEL-JSC-20,673,103001,16X6-8,ACHIEVER,BLACK,STD,4.33,2 LAYER,15.7,0.0244,12,0.29,188.4
11.08.2023,Belarus - JSC,170-R1,BEL-JSC-20,673,104001,18X7-8,ACHIEVER,BLACK,STD,4.33,2 LAYER,20.8,0.0303,8,0.24,166.4
11.08.2023,Belarus - JSC,170-R1,BEL-JSC-20,673,102001,5.00 - 8,ACHIEVER,BLACK,STD,3,2 LAYER,15.8,0.0232,80,1.86,"1,264.00"
11.08.2023,Belarus - JSC,170-R1,BEL-JSC-20,673,111001,6.00 - 9,ACHIEVER,BLACK,STD,4,2 LAYER,26.6,0.0377,50,1.89,"1,330.00"
11.08.2023,Belarus - JSC,170-R1,BEL-JSC-20,673,119001,6.50 - 10,ACHIEVER,BLACK,STD,5,2 LAYER,34,0.0488,20,0.98,680
11.08.2023,Belarus - JSC,170-R1,BEL-JSC-20,673,120001,23X9-10,ACHIEVER,BLACK,STD,6.5,2 LAYER,45.7,0.0627,6,0.38,274.2
11.08.2023,Belarus - JSC,170-R1,BEL-JSC-20,673,135001,"28X9-15, 8.15-15",ACHIEVER,BLACK,STD,7,2 LAYER,59.6,0.1024,28,2.87,"1,668.80"
11.08.2023,Belarus - JSC,170-R1,BEL-JSC-20,673,118002,200/50 - 10,ACHIEVER,BLACK,CLIP,6.5,2 LAYER,23.9,0.0388,6,0.23,143.4
11.08.2023,Belarus - JSC,170-R1,BEL-JSC-20,673,120002,23X9-10,ACHIEVER,BLACK,CLIP,6.5,2 LAYER,46,0.0627,6,0.38,276
11.08.2023,Belarus - JSC,170-R1,BEL-JSC-20,673,133002,2.50-15,ACHIEVER,BLACK,CLIP,7,2 LAYER,66.3,0.1049,4,0.42,265.2
11.08.2023,Belarus - JSC,170-R1,BEL-JSC-20,673,152221,10.00 - 20,ACHIEVER,BLACK,STD,7,2 LAYER,204.5,0.246,7,1.72,"1,431.50"
11.08.2023,Belarus - JSC,170-R1,BEL-JSC-20,673,156221,12.00 - 20,ACHIEVER,BLACK,STD,8.5,2 LAYER,252.9,0.3074,4,1.23,"1,011.60"
11.08.2023,Belarus - JSC,170-R1,BEL-JSC-20,673,136012,28 x 12.5 - 15,ACHIEVER PLUS,BLACK,CLIP,9.75,3 LAYER,84.2,0.1354,1,0.14,84.2
11.08.2023,Belarus - JSC,170-R1,BEL-JSC-20,673,100041,4.00 - 8,RUNNERSOLID,BLACK,STD,3,3 LAYER,10.7,0.0172,18,0.31,192.6
11.08.2023,Belarus - JSC,170-R1,BEL-JSC-20,673,102041,5.00 - 8,RUNNERSOLID,BLACK,STD,3,3 LAYER,17.1,0.0259,30,0.78,513
11.08.2023,Belarus - JSC,170-R1,BEL-JSC-20,673,103041,16 x 6 - 8,RUNNERSOLID,BLACK,STD,4.33,3 LAYER,16.4,0.0263,16,0.42,262.4
11.08.2023,Belarus - JSC,170-R1,BEL-JSC-20,673,104041,18 x 7 - 8,RUNNERSOLID,BLACK,STD,4.33,3 LAYER,20.5,0.0316,40,1.26,820
11.08.2023,Belarus - JSC,170-R1,BEL-JSC-20,673,111041,6.00 - 9,RUNNERSOLID,BLACK,STD,4,3 LAYER,26.8,0.039,4,0.16,107.2
11.08.2023,Belarus - JSC,170-R1,BEL-JSC-20,673,119041,6.50 - 10,RUNNERSOLID,BLACK,STD,5,3 LAYER,34.9,0.0523,20,1.05,698
11.08.2023,Belarus - JSC,170-R1,BEL-JSC-20,673,120041,23 x 9-10,RUNNERSOLID,BLACK,STD,6.5,3 LAYER,44.3,0.0657,4,0.26,177.2
11.08.2023,Belarus - JSC,170-R1,BEL-JSC-20,673,125041,7.00 - 12,RUNNERSOLID,BLACK,STD,5,3 LAYER,46.9,0.0725,8,0.58,375.2
11.08.2023,Belarus - JSC,170-R1,BEL-JSC-20,673,101042,15 x 4.5 - 8,RUNNERSOLID,BLACK,CLIP,3,3 LAYER,10.3,0.0171,16,0.27,164.8
11.08.2023,Belarus - JSC,170-R1,BEL-JSC-20,673,103042,16X6-8,RUNNERSOLID,BLACK,CLIP,4.33,3 LAYER,16.6,0.0263,20,0.53,332
11.08.2023,Belarus - JSC,170-R1,BEL-JSC-20,673,110042,140/55 - 9,RUNNERSOLID,BLACK,CLIP,4,3 LAYER,10.3,0.0186,6,0.11,61.8
11.08.2023,Belarus - JSC,170-R1,BEL-JSC-20,673,112042,21X8- 9,RUNNERSOLID,BLACK,CLIP,6,3 LAYER,33.5,0.0494,2,0.1,67
11.08.2023,Belarus - JSC,170-R1,BEL-JSC-20,673,118042,200/50 - 10,RUNNERSOLID,BLACK,CLIP,6.5,3 LAYER,23.1,0.0394,18,0.71,415.8
11.08.2023,Belarus - JSC,170-R1,BEL-JSC-20,673,119042,6.50 - 10,RUNNERSOLID,BLACK,CLIP,5,3 LAYER,35.3,0.0523,8,0.42,282.4
11.08.2023,Belarus - JSC,170-R1,BEL-JSC-20,673,120042,23X9-10,RUNNERSOLID,BLACK,CLIP,6.5,3 LAYER,44.7,0.0657,4,0.26,178.8
11.08.2023,Belarus - JSC,170-R1,BEL-JSC-20,673,126042,23X10-12,RUNNERSOLID,BLACK,CLIP,8,3 LAYER,47.1,0.0764,12,0.92,565.2
11.08.2023,Belarus - JSC,170-R1,BEL-JSC-20,673,127042,27 x 10 - 12,RUNNERSOLID,BLACK,CLIP,8,3 LAYER,69.6,0.1051,14,1.47,974.4
11.08.2023,Belarus - JSC,170-R1,BEL-JSC-20,673,100043,4.00 - 8,RUNNERSOLID,NM,STD,3,3 LAYER,10.7,0.0172,4,0.07,42.8
11.08.2023,Belarus - JSC,170-R1,BEL-JSC-20,673,101043,15 x 4.5 - 8,RUNNERSOLID,NM,STD,3,3 LAYER,10.2,0.0171,4,0.07,40.79
11.08.2023,Belarus - JSC,170-R1,BEL-JSC-20,673,103043,16X6-8,RUNNERSOLID,NM,STD,4.33,3 LAYER,16.5,0.0263,16,0.42,264
11.08.2023,Belarus - JSC,170-R1,BEL-JSC-20,673,111043,6.00 - 9,RUNNERSOLID,NM,STD,4,3 LAYER,26.9,0.039,8,0.31,215.2
11.08.2023,Belarus - JSC,170-R1,BEL-JSC-20,673,103044,16X6-8,RUNNERSOLID,NM,CLIP,4.33,3 LAYER,16.8,0.0263,16,0.42,268.8
11.08.2023,Belarus - JSC,170-R1,BEL-JSC-20,673,104044,18 x 7 - 8,RUNNERSOLID,NM,CLIP,4.33,3 LAYER,21,0.0316,20,0.63,420
11.08.2023,Belarus - JSC,170-R1,BEL-JSC-20,673,126044,23 x 10 - 12,RUNNERSOLID,NM,CLIP,8,3 LAYER,47.5,0.0764,2,0.15,95
11.08.2023,Belarus - JSC,170-R1,BEL-JSC-20,673,135051,8.15-15 (28x9-15),ROCKSOLID,BLACK,STD,7,3 LAYER,59.7,0.1064,22,2.34,"1,313.40"
11.08.2023,Belarus - JSC,170-R1,BEL-JSC-20,673,135052,8.15-15 (28x9-15),ROCKSOLID,BLACK,CLIP,7,3 LAYER,60.6,0.1064,4,0.43,242.4
11.08.2023,Belarus - JSC,170-R1,BEL-JSC-20,673,136052,28X12 1/2-15,ROCKSOLID,BLACK,CLIP,9.75,3 LAYER,77.1,0.1365,12,1.64,925.2
11.08.2023,Belarus - JSC,170-R1,BEL-JSC-20,673,139052,3.00-15,ROCKSOLID,BLACK,CLIP,8,3 LAYER,109.1,0.1711,12,2.05,"1,309.20"
