date,Customer,wono,ref,erp,icode,t_size,brand,fit,col,rim,cons,fweight,ptv,new,cbm,kgs
24.07.2023,TUK-FFL,147,TURKEY OREDR 17,651,102241,5.00-8 (WIDE),ACHIEVER,BLACK,STD,3,2 LAYER,17.5,0.0232,8,0.19,140.00
24.07.2023,TUK-FFL,147,TURKEY OREDR 17,651,111001,6.00-9,ACHIEVER,BLACK,STD,4,2 LAYER,26.6,0.0377,2,0.08,53.2
24.07.2023,TUK-FFL,147,TURKEY OREDR 17,651,119001,6.50 X 10,ACHIEVER,BLACK,STD,5,2 LAYER,34,0.0488,10,0.49,340
24.07.2023,TUK-FFL,147,TURKEY OREDR 17,651,125001,7.00 X 12,ACHIEVER,BLACK,STD,5,2 LAYER,46.8,0.0691,6,0.41,280.8
24.07.2023,TUK-FFL,147,TURKEY OREDR 17,651,104002,18 X 7 - 8,ACHIEVER,BLACK,CLIP,4.33,2 LAYER,20.9,0.0303,20,0.61,418
24.07.2023,TUK-FFL,147,TURKEY OREDR 17,651,111002,6.00-9,ACHIEVER,BLACK,CLIP,4,2 LAYER,26.8,0.0377,8,0.3,214.4
24.07.2023,TUK-FFL,147,TURKEY OREDR 17,651,112002,21 X 8 - 9,ACHIEVER,BLACK,CLIP,6,2 LAYER,34.2,0.0478,3,0.14,102.6
24.07.2023,TUK-FFL,147,TURKEY OREDR 17,651,120002,23 X 9 - 10,ACHIEVER,BLACK,CLIP,6.5,2 LAYER,46,0.0627,10,0.63,460
24.07.2023,TUK-FFL,147,TURKEY OREDR 17,651,125002,7.00 X 12,ACHIEVER,BLACK,CLIP,5,2 LAYER,47.3,0.0691,4,0.28,189.2
24.07.2023,TUK-FFL,147,TURKEY OREDR 17,651,126002,23 X 10 - 12,ACHIEVER,BLACK,CLIP,8,2 LAYER,51.2,0.0774,3,0.23,153.6
24.07.2023,TUK-FFL,147,TURKEY OREDR 17,651,135002,8.15 x 15,ACHIEVER,BLACK,CLIP,7,2 LAYER,60.3,0.1024,13,1.33,783.9
24.07.2023,TUK-FFL,147,TURKEY OREDR 17,651,133002,2.50-15,ACHIEVER,BLACK,CLIP,7,2 LAYER,66.3,0.1049,4,0.42,265.2
24.07.2023,TUK-FFL,147,TURKEY OREDR 17,651,127002,27 X 10 - 12,ACHIEVER,BLACK,CLIP,8,2 LAYER,74.7,0.1066,4,0.43,298.8
24.07.2023,TUK-FFL,147,TURKEY OREDR 17,651,136002,28 X 12 1/2 - 15,ACHIEVER,BLACK,CLIP,9.75,2 LAYER,84.4,0.1354,4,0.54,337.6
24.07.2023,TUK-FFL,147,TURKEY OREDR 17,651,138002,8.25 x 15,ACHIEVER,BLACK,CLIP,6.5,2 LAYER,84.5,0.1232,12,1.48,"1,014.00"
24.07.2023,TUK-FFL,147,TURKEY OREDR 17,651,102243,5.00-8 (WIDE),ACHIEVER,N/M (Off White),STD,3,2 LAYER,17,0.0232,10,0.23,170
24.07.2023,TUK-FFL,147,TURKEY OREDR 17,651,111003,6.00-9,ACHIEVER,N/M (Off White),STD,4,2 LAYER,26.4,0.0377,2,0.08,52.8
24.07.2023,TUK-FFL,147,TURKEY OREDR 17,651,119003,6.50 X 10,ACHIEVER,N/M (Off White),STD,5,2 LAYER,34.4,0.0488,4,0.2,137.6
24.07.2023,TUK-FFL,147,TURKEY OREDR 17,651,125003,7.00 X 12,ACHIEVER,N/M (Off White),STD,5,2 LAYER,46.8,0.0691,6,0.41,280.8
24.07.2023,TUK-FFL,147,TURKEY OREDR 17,651,110004,140 / 55 - 9,ACHIEVER,NM-Off White,CLIP,4,2 LAYER,10,0.0179,20,0.36,200
24.07.2023,TUK-FFL,147,TURKEY OREDR 17,651,104004,18 X 7 - 8,ACHIEVER,NM-Off White,CLIP,4.33,2 LAYER,21,0.0303,20,0.61,420
24.07.2023,TUK-FFL,147,TURKEY OREDR 17,651,118004,200 / 50 - 10,ACHIEVER,NM-Off White,CLIP,6.5,2 LAYER,23.9,0.0388,20,0.78,478
24.07.2023,TUK-FFL,147,TURKEY OREDR 17,651,111004,6.00-9,ACHIEVER,NM-Off White,CLIP,4,2 LAYER,26.8,0.0377,10,0.38,268
24.07.2023,TUK-FFL,147,TURKEY OREDR 17,651,119004,6.50 X 10,ACHIEVER,NM-Off White,CLIP,5,2 LAYER,34.8,0.0488,2,0.1,69.6
24.07.2023,TUK-FFL,147,TURKEY OREDR 17,651,120004,23 X 9 - 10,ACHIEVER,NM-Off White,CLIP,6.5,2 LAYER,46.2,0.0627,10,0.63,462
24.07.2023,TUK-FFL,147,TURKEY OREDR 17,651,125004,7.00 X 12,ACHIEVER,NM-Off White,CLIP,5,2 LAYER,47.2,0.0691,4,0.28,188.8
24.07.2023,TUK-FFL,147,TURKEY OREDR 17,651,138004,8.25 x 15,ACHIEVER,NM-Off White,CLIP,6.5,2 LAYER,84.4,0.1232,2,0.25,168.8
24.07.2023,TUK-FFL,147,TURKEY OREDR 17,651,102161,5.00-8 (WIDE),ACHIEVER PLUS,BLACK,STD,3,3 LAYER,17.4,0.0232,4,0.09,69.6
24.07.2023,TUK-FFL,147,TURKEY OREDR 17,651,111011,6.00 X 9,ACHIEVER PLUS,BLACK,STD,4,3 LAYER,26,0.0377,2,0.08,52
24.07.2023,TUK-FFL,147,TURKEY OREDR 17,651,119011,6.50 X 10,ACHIEVER PLUS,BLACK,STD,5,3 LAYER,33.7,0.0488,10,0.49,337
24.07.2023,TUK-FFL,147,TURKEY OREDR 17,651,125011,7.00 - 12,ACHIEVER PLUS,BLACK,STD,5,3 LAYER,45.7,0.0691,6,0.41,274.2
24.07.2023,TUK-FFL,147,TURKEY OREDR 17,651,103012,16 X 6 - 8,ACHIEVER PLUS,BLACK,CLIP,4.33,3 LAYER,16,0.0244,4,0.1,64
24.07.2023,TUK-FFL,147,TURKEY OREDR 17,651,104012,18 X 7 - 8,ACHIEVER PLUS,BLACK,CLIP,4.33,3 LAYER,20.9,0.0303,4,0.12,83.6
24.07.2023,TUK-FFL,147,TURKEY OREDR 17,651,118012,200 / 50 - 10,ACHIEVER PLUS,BLACK,CLIP,6.5,3 LAYER,23.9,0.0388,10,0.39,239
24.07.2023,TUK-FFL,147,TURKEY OREDR 17,651,111012,6.00 X 9,ACHIEVER PLUS,BLACK,CLIP,4,3 LAYER,26.4,0.0377,6,0.23,158.4
24.07.2023,TUK-FFL,147,TURKEY OREDR 17,651,120012,23 X 9 - 10,ACHIEVER PLUS,BLACK,CLIP,6.5,3 LAYER,44.5,0.0627,4,0.25,178
24.07.2023,TUK-FFL,147,TURKEY OREDR 17,651,125012,7.00 X 12,ACHIEVER PLUS,BLACK,CLIP,5,3 LAYER,46.1,0.0691,6,0.41,276.6
24.07.2023,TUK-FFL,147,TURKEY OREDR 17,651,126012,23 X 10 - 12,ACHIEVER PLUS,BLACK,CLIP,8,3 LAYER,50.7,0.0774,4,0.31,202.8
24.07.2023,TUK-FFL,147,TURKEY OREDR 17,651,135012,8.15 x 15,ACHIEVER PLUS,BLACK,CLIP,7,3 LAYER,60.3,0.1024,10,1.02,603
24.07.2023,TUK-FFL,147,TURKEY OREDR 17,651,138012,8.25 x 15,ACHIEVER PLUS,BLACK,CLIP,6.5,3 LAYER,81.3,0.1232,6,0.74,487.8
24.07.2023,TUK-FFL,147,TURKEY OREDR 17,651,136012,28 X 12 1/2 - 15,ACHIEVER PLUS,BLACK,CLIP,9.75,3 LAYER,84.2,0.1354,4,0.54,336.8
24.07.2023,TUK-FFL,147,TURKEY OREDR 17,651,139012,3.00 X 15,ACHIEVER PLUS,BLACK,CLIP,8,3 LAYER,103.5,0.1563,4,0.63,414
24.07.2023,TUK-FFL,147,TURKEY OREDR 17,651,102163,5.00-8 (WIDE),ACHIEVER PLUS,NM-Off White,STD,3,3 LAYER,17,0.0232,4,0.09,68
24.07.2023,TUK-FFL,147,TURKEY OREDR 17,651,111013,6.00 X 9,ACHIEVER PLUS,NM-Off White,STD,4,3 LAYER,25.4,0.0377,2,0.08,50.8
24.07.2023,TUK-FFL,147,TURKEY OREDR 17,651,103014,16 X 6 - 8,ACHIEVER PLUS,NM-Off White,CLIP,4.33,3 LAYER,15.4,0.0244,4,0.1,61.6
24.07.2023,TUK-FFL,147,TURKEY OREDR 17,651,104014,18 X 7 - 8,ACHIEVER PLUS,NM-Off White,CLIP,4.33,3 LAYER,20.4,0.0303,4,0.12,81.6
24.07.2023,TUK-FFL,147,TURKEY OREDR 17,651,118014,200 / 50 - 10,ACHIEVER PLUS,NM-Off White,CLIP,6.5,3 LAYER,23.6,0.0388,8,0.31,188.8
24.07.2023,TUK-FFL,147,TURKEY OREDR 17,651,111014,6.00 X 9,ACHIEVER PLUS,NM-Off White,CLIP,4,3 LAYER,26.4,0.0377,8,0.3,211.2
24.07.2023,TUK-FFL,147,TURKEY OREDR 17,651,120014,23 X 9 - 10,ACHIEVER PLUS,NM-Off White,CLIP,6.5,3 LAYER,43.6,0.0627,6,0.38,261.6
24.07.2023,TUK-FFL,147,TURKEY OREDR 17,651,125014,7.00 X 12,ACHIEVER PLUS,NM-Off White,CLIP,5,3 LAYER,45.3,0.0691,10,0.69,453
24.07.2023,TUK-FFL,147,TURKEY OREDR 17,651,126014,23 X 10 - 12,ACHIEVER PLUS,NM-Off White,CLIP,8,3 LAYER,49.7,0.0774,6,0.46,298.2
24.07.2023,TUK-FFL,147,TURKEY OREDR 17,651,119041,6.50 X 10,RUNNERSOLID,BLACK,STD,5,3 LAYER,34.9,0.0523,10,0.52,349
24.07.2023,TUK-FFL,147,TURKEY OREDR 17,651,125041,7.00 X 12,RUNNERSOLID,BLACK,STD,5,3 LAYER,46.9,0.0725,4,0.29,187.6
24.07.2023,TUK-FFL,147,TURKEY OREDR 17,651,103042,16 X 6 - 8,RUNNERSOLID,BLACK,CLIP,4.33,3 LAYER,16.6,0.0263,2,0.05,33.2
24.07.2023,TUK-FFL,147,TURKEY OREDR 17,651,125042,7.00 X 12,RUNNERSOLID,BLACK,CLIP,5,3 LAYER,47.8,0.0725,4,0.29,191.2
24.07.2023,TUK-FFL,147,TURKEY OREDR 17,651,127042,27 X 10 - 12,RUNNERSOLID,BLACK,CLIP,8,3 LAYER,69.6,0.1051,2,0.21,139.2
24.07.2023,TUK-FFL,147,TURKEY OREDR 17,651,135052,8.15 x 15,ROCKSOLID,BLACK,CLIP,7,3 LAYER,60.6,0.1064,10,1.06,606
24.07.2023,TUK-FFL,147,TURKEY OREDR 17,651,136052,28 X 12 1/2 - 15,ROCKSOLID,BLACK,CLIP,9.75,3 LAYER,77.1,0.1365,4,0.55,308.4
24.07.2023,TUK-FFL,147,TURKEY OREDR 17,651,138052,8.25 x 15,ROCKSOLID,BLACK,CLIP,6.5,3 LAYER,89.2,0.1385,6,0.83,535.2
24.07.2023,TUK-FFL,147,TURKEY OREDR 17,651,166321,31x10-20 (WAP),SKID SOLID,BLACK,STD,7.5,2 LAYER,62.7,0.1446,2,0.29,125.4
24.07.2023,TUK-FFL,147,TURKEY OREDR 17,651,165321,31x10-16 (WAP),SKID SOLID,BLACK,STD,6,2 LAYER,74.8,0.1446,3,0.43,224.4
24.07.2023,TUK-FFL,147,TURKEY OREDR 17,651,712072,16 x 7 - 10 1/2,RUNNER BAND,BLACK,TRACTION,-,2 LAYER,-,-,0,-,-
24.07.2023,TUK-FFL,147,TURKEY OREDR 17,651,712074,16 x 7 - 10 1/2,RUNNER BAND,NM,TRACTION,,2 LAYER,-,-,0,-,-
