Date,Customer Name,Work order No,Reference Number,ERP Number,Item code,Tyre Size,Brand,COLOUR,FIT,RIM,Constrution,Average Finish Tyre Weight - kgs,Per Tyre Volume / cbm,Qty New- pcs,Total Volume - cbm,Total Tonage - kgs
,EGYPT,204,IEC - ORDER 02 -C-02(7),712,111001,6.00-9,ACHIEVER,BLACK,STD,4,2 LAYER,26.6,0.0377,20,0.75,532
,EGYPT,204,IEC - ORDER 02 -C-02(7),712,119241,6.50-10 (WIDE),ACHIEVER,BLACK,STD,5,2 LAYER,35.6,0.0508,48,2.44,"1,708.80"
,EGYPT,204,IEC - ORDER 02 -C-02(7),712,125001,7.00-12,ACHIEVER,BLACK,STD,5,2 LAYER,46.8,0.0691,16,1.11,748.8
,EGYPT,204,IEC - ORDER 02 -C-02(7),712,141001,7.00-15,ACHIEVER,BLACK,STD,5.5,2 LAYER,58.6,0.1107,10,1.11,586
,EGYPT,204,IEC - ORDER 02 -C-02(7),712,135001,"28X9-15, 8.15-15",ACHIEVER,BLACK,STD,7,2 LAYER,59.6,0.1024,30,3.07,"1,788.00"
,EGYPT,204,IEC - ORDER 02 -C-02(7),712,139241,3.00-15 (WIDE),ACHIEVER,BLACK,STD,8,2 LAYER,109.6,0.1701,6,1.02,657.6
,EGYPT,204,IEC - ORDER 02 -C-02(7),712,151001,9.00-20,ACHIEVER,BLACK,STD,7,2 LAYER,128.1,0.204,12,2.45,"1,537.20"
,EGYPT,204,IEC - ORDER 02 -C-02(7),712,101002,15x4 1/2-8,ACHIEVER,BLACK,CLIP,3,2 LAYER,9.2,0.0161,26,0.42,239.2
,EGYPT,204,IEC - ORDER 02 -C-02(7),712,110002,140/55-9,ACHIEVER,BLACK,CLIP,4,2 LAYER,10,0.0179,8,0.14,80
,EGYPT,204,IEC - ORDER 02 -C-02(7),712,103002,16X6-8,ACHIEVER,BLACK,CLIP,4.33,2 LAYER,16,0.0244,6,0.15,96
,EGYPT,204,IEC - ORDER 02 -C-02(7),712,104002,18x7-8,ACHIEVER,BLACK,CLIP,4.33,2 LAYER,20.9,0.0303,16,0.48,334.4
,EGYPT,204,IEC - ORDER 02 -C-02(7),712,118002,200/50-10,ACHIEVER,BLACK,CLIP,6.5,2 LAYER,23.9,0.0388,16,0.62,382.4
,EGYPT,204,IEC - ORDER 02 -C-02(7),712,101004,15x4 1/2-8,ACHIEVER,Non Marking,CLIP,3,2 LAYER,9.2,0.0147,12,0.18,110.4
,EGYPT,204,IEC - ORDER 02 -C-02(7),712,110004,140/55-9,ACHIEVER,Non Marking,CLIP,4,2 LAYER,10,0.0179,6,0.11,60
,EGYPT,204,IEC - ORDER 02 -C-02(7),712,104004,18x7-8,ACHIEVER,Non Marking,CLIP,4.33,2 LAYER,21,0.0303,10,0.3,210
,EGYPT,204,IEC - ORDER 02 -C-02(7),712,118004,200/50-10,ACHIEVER,Non Marking,CLIP,6.5,2 LAYER,23.9,0.0388,6,0.23,143.4
,EGYPT,204,IEC - ORDER 02 -C-02(7),712,103161,16X6-8 (WIDE),ACHIEVER PLUS,BLACK,STD,4.33,3 LAYER,16.3,0.0257,12,0.31,195.6
,EGYPT,204,IEC - ORDER 02 -C-02(7),712,104011,18x7-8,ACHIEVER PLUS,BLACK,STD,4.33,3 LAYER,20.8,0.0303,10,0.3,208
,EGYPT,204,IEC - ORDER 02 -C-02(7),712,125011,7.00-12,ACHIEVER PLUS,BLACK,STD,5,3 LAYER,45.7,0.0691,13,0.9,594.1
,EGYPT,204,IEC - ORDER 02 -C-02(7),712,136011,28x12.5-15,ACHIEVER PLUS,BLACK,STD,9.75,3 LAYER,83.7,0.1354,4,0.54,334.8
,EGYPT,204,IEC - ORDER 02 -C-02(7),712,151011,9.00-20,ACHIEVER PLUS,BLACK,STD,7,3 LAYER,127.2,0.204,18,3.67,"2,289.60"
,EGYPT,204,IEC - ORDER 02 -C-02(7),712,101162,15x4 1/2-8 (WIDE),ACHIEVER PLUS,BLACK,CLIP,3,3 LAYER,9.9,0.0161,78,1.26,772.2
,EGYPT,204,IEC - ORDER 02 -C-02(7),712,110012,140/55-9,ACHIEVER PLUS,BLACK,CLIP,4,3 LAYER,10,0.0179,10,0.18,100
,EGYPT,204,IEC - ORDER 02 -C-02(7),712,103162,16X6-8 (WIDE),ACHIEVER PLUS,BLACK,CLIP,4.33,3 LAYER,16.6,0.0257,20,0.51,332
,EGYPT,204,IEC - ORDER 02 -C-02(7),712,104012,18x7-8,ACHIEVER PLUS,BLACK,CLIP,4.33,3 LAYER,20.9,0.0303,20,0.61,418
,EGYPT,204,IEC - ORDER 02 -C-02(7),712,118012,200/50-10,ACHIEVER PLUS,BLACK,CLIP,6.5,3 LAYER,23.9,0.0388,4,0.16,95.6
,EGYPT,204,IEC - ORDER 02 -C-02(7),712,119163,6.50-10 (WIDE),ACHIEVER PLUS,Non Marking,STD,5,3 LAYER,34,0.0508,4,0.2,136
,EGYPT,204,IEC - ORDER 02 -C-02(7),712,135013,"28X9-15, 8.15-15",ACHIEVER PLUS,Non Marking,STD,7,3 LAYER,58.3,0.1024,,,
,EGYPT,204,IEC - ORDER 02 -C-02(7),712,139163,3.00-15 (WIDE),ACHIEVER PLUS,Non Marking,STD,8,3 LAYER,106.4,0.1701,8,1.36,851.2
,EGYPT,204,IEC - ORDER 02 -C-02(7),712,101164,15x4 1/2-8 (WIDE),ACHIEVER PLUS,Non Marking,CLIP,3,3 LAYER,9.7,0.0171,12,0.21,116.4
,EGYPT,204,IEC - ORDER 02 -C-02(7),712,110014,140/55-9,ACHIEVER PLUS,Non Marking,CLIP,4,3 LAYER,9.85,0.0179,6,0.11,59.1
,EGYPT,204,IEC - ORDER 02 -C-02(7),712,103164,16X6-8 (WIDE),ACHIEVER PLUS,Non Marking,CLIP,4.33,3 LAYER,16.1,0.0257,6,0.15,96.6
,EGYPT,204,IEC - ORDER 02 -C-02(7),712,104014,18x7-8,ACHIEVER PLUS,Non Marking,CLIP,4.33,3 LAYER,20.4,0.0303,6,0.18,122.4
,EGYPT,204,IEC - ORDER 02 -C-02(7),712,730071,16.25X7X11.25,RUNNERBAND,BLACK,SMOOTH,-,2 LAYER,22.3,0.0312,8,0.25,178.4
,EGYPT,204,IEC - ORDER 02 -C-02(7),712,721071,22X12X16 ,RUNNERBAND,BLACK,SMOOTH,-,2 LAYER,64.9,0.0979,3,0.29,194.7
,EGYPT,204,IEC - ORDER 02 -C-02(7),712,742071,22X14X16,RUNNERBAND,BLACK,SMOOTH,-,2 LAYER,77.4,0.1142,4,0.46,309.6
,EGYPT,204,IEC - ORDER 02 -C-02(7),712,746071,33X14X22,RUNNERBAND,BLACK,SMOOTH,-,2 LAYER,155.4,0.2512,5,1.26,777
,EGYPT,204,IEC - ORDER 02 -C-02(7),712,726071,40X16X30,RUNNERBAND,BLACK,SMOOTH,-,2 LAYER,227.5,0.4195,8,3.36,"1,820.00"
