date,Customer,wono,ref,erp,icode,t_size,brand,col,fit,rim,cons,fweight,ptv,new,cbm,kgs
28.06.2023,USA,126,USA-TFT -ORDER O1,628,101041,15x4 1/2-8,RUNNERSOLID,BLACK,STD,3,3 LAYER,10.1,0.0171,8,0.14,80.8
28.06.2023,USA,126,USA-TFT -ORDER O1,628,104041,18x7-8,RUNNERSOLID,BLACK,STD,4.33,3 LAYER,20.5,0.0316,28,0.88,574
28.06.2023,USA,126,USA-TFT -ORDER O1,628,112041,21x8-9,RUNNERSOLID,BLACK,STD,6,3 LAYER,33.2,0.0494,28,1.38,929.6
28.06.2023,USA,126,USA-TFT -ORDER O1,628,102041,5.00-8,RUNNERSOLID,BLACK,STD,3,3 LAYER,17.1,0.0259,12,0.31,205.2
28.06.2023,USA,126,USA-TFT -ORDER O1,628,111041,6.00-9,RUNNERSOLID,BLACK,STD,4,3 LAYER,26.8,0.039,8,0.31,214.4
28.06.2023,USA,126,USA-TFT -ORDER O1,628,119041,6.50-10,RUNNERSOLID,BLACK,STD,5,3 LAYER,34.9,0.0523,8,0.42,279.2
28.06.2023,USA,126,USA-TFT -ORDER O1,628,125041,7.00-12,RUNNERSOLID,BLACK,STD,5,3 LAYER,46.9,0.0725,8,0.58,375.2
28.06.2023,USA,126,USA-TFT -ORDER O1,628,127041,27x10-12,RUNNERSOLID,BLACK,STD,8,3 LAYER,69,0.1051,6,0.63,414
28.06.2023,USA,126,USA-TFT -ORDER O1,628,135041,28x9-15,RUNNERSOLID,BLACK,STD,7,3 LAYER,57.8,0.1064,12,1.28,693.6
28.06.2023,USA,126,USA-TFT -ORDER O1,628,104042,18x7-8,RUNNERSOLID,BLACK,CLIP,4.33,3 LAYER,20.8,0.0316,14,0.44,291.2
28.06.2023,USA,126,USA-TFT -ORDER O1,628,112042,21x8-9,RUNNERSOLID,BLACK,CLIP,6,3 LAYER,33.5,0.0494,14,0.69,469
28.06.2023,USA,126,USA-TFT -ORDER O1,628,118042,200/50-10,RUNNERSOLID,BLACK,CLIP,6.5,3 LAYER,23.1,0.0394,6,0.24,138.6
28.06.2023,USA,126,USA-TFT -ORDER O1,628,127042,27x10-12,RUNNERSOLID,BLACK,CLIP,8,3 LAYER,69.6,0.1051,6,0.63,417.6
28.06.2023,USA,126,USA-TFT -ORDER O1,628,119044,6.50-10,RUNNERSOLID,NM-Lt. CREAM,CLIP,5,3 LAYER,35.8,0.0523,12,0.63,429.6
28.06.2023,USA,126,USA-TFT -ORDER O1,628,135044,28x9-15,RUNNERSOLID,NM-Lt. CREAM,CLIP,7,3 LAYER,58.8,0.1064,12,1.28,705.6
28.06.2023,USA,126,USA-TFT -ORDER O1,628,704071,14x4 1/2-8,RUNNER BAND,BLACK,SMOOTH,-,2 LAYER,12,0.0149,12,0.18,144
28.06.2023,USA,126,USA-TFT -ORDER O1,628,705071,14x5-10,RUNNER BAND,BLACK,SMOOTH,-,2 LAYER,12.4,0.0165,6,0.1,74.4
28.06.2023,USA,126,USA-TFT -ORDER O1,628,706071,15x5-11 1/4,RUNNER BAND,BLACK,SMOOTH,-,2 LAYER,13.4,0.019,6,0.11,80.4
28.06.2023,USA,126,USA-TFT -ORDER O1,628,709071,16 1/4x6-11 1/4,RUNNER BAND,BLACK,SMOOTH,-,2 LAYER,19.3,0.0267,14,0.37,270.2
28.06.2023,USA,126,USA-TFT -ORDER O1,628,710071,16x5-10 1/2,RUNNER BAND,BLACK,SMOOTH,-,2 LAYER,16.3,0.0216,6,0.13,97.8
28.06.2023,USA,126,USA-TFT -ORDER O1,628,711071,16x6-10 1/2,RUNNER BAND,BLACK,SMOOTH,-,2 LAYER,19.6,0.0259,28,0.73,548.8
28.06.2023,USA,126,USA-TFT -ORDER O1,628,714071,18x6-12 1/8,RUNNER BAND,BLACK,SMOOTH,-,2 LAYER,22.8,0.0328,14,0.46,319.2
28.06.2023,USA,126,USA-TFT -ORDER O1,628,715071,18x7-12 1/8,RUNNER BAND,BLACK,SMOOTH,-,2 LAYER,26.3,0.0382,12,0.46,315.6
28.06.2023,USA,126,USA-TFT -ORDER O1,628,716071,18x8-12 1/8,RUNNER BAND,BLACK,SMOOTH,-,2 LAYER,30.9,0.0437,8,0.35,247.2
28.06.2023,USA,126,USA-TFT -ORDER O1,628,719071,21x7-15,RUNNER BAND,BLACK,SMOOTH,-,2 LAYER,35.4,0.052,14,0.73,495.6
28.06.2023,USA,126,USA-TFT -ORDER O1,628,720071,21x8-15,RUNNER BAND,BLACK,SMOOTH,-,2 LAYER,40.8,0.0594,12,0.71,489.6
28.06.2023,USA,126,USA-TFT -ORDER O1,628,722071,22x8-16,RUNNER BAND,BLACK,SMOOTH,-,2 LAYER,42.9,0.0652,6,0.39,257.4
28.06.2023,USA,126,USA-TFT -ORDER O1,628,723071,22x9-16,RUNNER BAND,BLACK,SMOOTH,-,2 LAYER,48.6,0.0734,8,0.59,388.8
28.06.2023,USA,126,USA-TFT -ORDER O1,628,721071,22x12-16,RUNNER BAND,BLACK,SMOOTH,-,2 LAYER,64.9,0.0979,28,2.74,"1,817.20"
28.06.2023,USA,126,USA-TFT -ORDER O1,628,738071,28x12-22,RUNNER BAND,BLACK,SMOOTH,-,2 LAYER,83.5,0.1545,8,1.24,668
28.06.2023,USA,126,USA-TFT -ORDER O1,628,714072,18x6-12 1/8,RUNNER BAND,BLACK,TRACTION,-,2 LAYER,22.5,0.0328,8,0.26,180
28.06.2023,USA,126,USA-TFT -ORDER O1,628,715072,18x7-12 1/8,RUNNER BAND,BLACK,TRACTION,-,2 LAYER,25.6,0.0382,6,0.23,153.6
28.06.2023,USA,126,USA-TFT -ORDER O1,628,719072,21x7-15,RUNNER BAND,BLACK,TRACTION,-,2 LAYER,34.7,0.052,14,0.73,485.8
28.06.2023,USA,126,USA-TFT -ORDER O1,628,722072,22x8-16,RUNNER BAND,BLACK,TRACTION,-,2 LAYER,42,0.0652,6,0.39,252
28.06.2023,USA,126,USA-TFT -ORDER O1,628,723072,22x9-16,RUNNER BAND,BLACK,TRACTION,-,2 LAYER,47.5,0.0734,8,0.59,380
28.06.2023,USA,126,USA-TFT -ORDER O1,628,704073,14x4 1/2-8,RUNNER BAND,NM-Lt. CREAM,SMOOTH,-,2 LAYER,12.1,0.0149,6,0.09,72.6
28.06.2023,USA,126,USA-TFT -ORDER O1,628,705073,14x5-10,RUNNER BAND,NM-Lt. CREAM,SMOOTH,-,2 LAYER,12.4,0.0165,4,0.07,49.6
28.06.2023,USA,126,USA-TFT -ORDER O1,628,709073,16 1/4x6-11 1/4,RUNNER BAND,NM-Lt. CREAM,SMOOTH,-,2 LAYER,19.2,0.0267,6,0.16,115.2
28.06.2023,USA,126,USA-TFT -ORDER O1,628,710073,16x5-10 1/2,RUNNER BAND,NM-Lt. CREAM,SMOOTH,-,2 LAYER,16.3,0.0216,6,0.13,97.8
28.06.2023,USA,126,USA-TFT -ORDER O1,628,711073,16x6-10 1/2,RUNNER BAND,NM-Lt. CREAM,SMOOTH,-,2 LAYER,19.7,0.0259,28,0.73,551.63
28.06.2023,USA,126,USA-TFT -ORDER O1,628,714073,18x6-12 1/8,RUNNER BAND,NM-Lt. CREAM,SMOOTH,-,2 LAYER,23,0.0328,14,0.46,322
28.06.2023,USA,126,USA-TFT -ORDER O1,628,715073,18x7-12 1/8,RUNNER BAND,NM-Lt. CREAM,SMOOTH,-,2 LAYER,26.6,0.0382,26,0.99,691.6
28.06.2023,USA,126,USA-TFT -ORDER O1,628,716073,18x8-12 1/8,RUNNER BAND,NM-Lt. CREAM,SMOOTH,-,2 LAYER,31.1,0.0437,12,0.52,373.2
28.06.2023,USA,126,USA-TFT -ORDER O1,628,719073,21x7-15,RUNNER BAND,NM-Lt. CREAM,SMOOTH,-,2 LAYER,35.6,0.052,14,0.73,498.4
28.06.2023,USA,126,USA-TFT -ORDER O1,628,720073,21x8-15,RUNNER BAND,NM-Lt. CREAM,SMOOTH,-,2 LAYER,40.9,0.0594,14,0.83,572.6
28.06.2023,USA,126,USA-TFT -ORDER O1,628,723073,22x9-16,RUNNER BAND,NM-Lt. CREAM,SMOOTH,-,2 LAYER,49.1,0.0734,8,0.59,392.8
28.06.2023,USA,126,USA-TFT -ORDER O1,628,721073,22x12-16,RUNNER BAND,NM-Lt. CREAM,SMOOTH,-,2 LAYER,65.4,0.0979,14,1.37,915.6
28.06.2023,USA,126,USA-TFT -ORDER O1,628,714074,18x6-12 1/8,RUNNER BAND,NM-Lt. CREAM,TRACTION,-,2 LAYER,22.5,0.0328,14,0.46,315
28.06.2023,USA,126,USA-TFT -ORDER O1,628,719074,21x7-15,RUNNER BAND,NM-Lt. CREAM,TRACTION,-,2 LAYER,34.6,0.052,14,0.73,484.4
28.06.2023,USA,126,USA-TFT -ORDER O1,628,723074,22x9-16,RUNNER BAND,NM-Lt. CREAM,TRACTION,-,2 LAYER,47.8,0.0734,8,0.59,382.4
