Date,Customer Name,Work order No,Reference Number,ERP Number,Item code,Tyre Size,Brand,COLOUR,FIT,RIM,Constrution,Average Finish Tyre Weight - kgs,Per Tyre Volume / cbm,Qty New- pcs,Total Volume - cbm,Total Tonage - kgs
02.10.2023,KOREA,Bulk Order,KOR-NTC-14-6,730 6,125301,7.00-12,NEXEN ALLPRO,BLACK,STD,5,APPROVED NEXEN COMPOUND,45.6,0.071,66,4.686,3009.6
02.10.2023,KOREA,Bulk Order,KOR-NTC-14-6,730 6,141301,7.00-15,NEXEN ALLPRO,BLACK,STD,5.5,APPROVED NEXEN COMPOUND,56.35,0.0922,40,3.688,2254
02.10.2023,KOREA,Bulk Order,KOR-NTC-14-6,730 6,171301,7.50-16,NEXEN ALLPRO,BLACK,STD,6,APPROVED NEXEN COMPOUND,71.72,0.1162,40,4.648,2868.8
02.10.2023,KOREA,Bulk Order,KOR-NTC-14-6,730 6,138301,8.25-15,NEXEN ALLPRO,BLACK,STD,6.5,APPROVED NEXEN COMPOUND,85.05,0.1315,80,10.52,6804
02.10.2023,KOREA,Bulk Order,KOR-NTC-14-6,730 6,126302,23x10-12,NEXEN ALLPRO,BLACK,CLIP,8,APPROVED NEXEN COMPOUND,50.31,0.0798,20,1.596,1006.2
02.10.2023,KOREA,Bulk Order,KOR-NTC-14-6,730 6,138302,8.25-15,NEXEN ALLPRO,BLACK,CLIP,6.5,APPROVED NEXEN COMPOUND,85.5,0.1315,10,1.315,855
