Date,Customer Name,Work order No,Reference Number,ERP Number,Item code,Tyre Size,Brand,COLOUR,FIT,RIM,Constrution,Average Finish Tyre Weight - kgs,Per Tyre Volume / cbm,Qty New- pcs,Total Volume - cbm,Total Tonage - kgs
02.10.2023,KOREA,Bulk Order,KOR-NTC-14-5,730 5,102301,5.00-8,NEXEN ALLPRO,BLACK,STD,3,APPROVED NEXEN COMPOUND,16.03,0.0244,24,0.5856,384.72
02.10.2023,KOREA,Bulk Order,KOR-NTC-14-5,730 5,104301,18x7-8,NEXEN ALLPRO,BLACK,STD,4.33,APPROVED NEXEN COMPOUND,19.83,0.03,60,1.8,1189.8
02.10.2023,KOREA,Bulk Order,KOR-NTC-14-5,730 5,112301,21x8-9,NEXEN ALLPRO,BLACK,STD,6,APPROVED NEXEN COMPOUND,33.1,0.049,50,2.45,1655
02.10.2023,KOREA,Bulk Order,KOR-NTC-14-5,730 5,120301,23x9-10,NEXEN ALLPRO,BLACK,STD,6.5,APPROVED NEXEN COMPOUND,46.4,0.0682,20,1.364,928
02.10.2023,KOREA,Bulk Order,KOR-NTC-14-5,730 5,126301,23x10-12,NEXEN ALLPRO,BLACK,STD,8,APPROVED NEXEN COMPOUND,49.9,0.0798,30,2.394,1497
02.10.2023,KOREA,Bulk Order,KOR-NTC-14-5,730 5,141301,7.00-15,NEXEN ALLPRO,BLACK,STD,5.5,APPROVED NEXEN COMPOUND,56.35,0.0922,50,4.61,2817.5
02.10.2023,KOREA,Bulk Order,KOR-NTC-14-5,730 5,138301,8.25-15,NEXEN ALLPRO,BLACK,STD,6.5,APPROVED NEXEN COMPOUND,85.05,0.1315,53,6.9695,4507.65
02.10.2023,KOREA,Bulk Order,KOR-NTC-14-5,730 5,104302,18x7-8,NEXEN ALLPRO,BLACK,CLIP,4.33,APPROVED NEXEN COMPOUND,20.07,0.03,100,3,2007
02.10.2023,KOREA,Bulk Order,KOR-NTC-14-5,730 5,119302,6.50-10,NEXEN ALLPRO,BLACK,CLIP,5,APPROVED NEXEN COMPOUND,35.83,0.0529,50,2.645,1791.5
